{
  "data": {
    "series1": {
      "x": [
        0.0,
        0.20408163265306123,
        0.40816326530612246,
        0.6122448979591837,
        0.8163265306122449,
        1.0204081632653061,
        1.2244897959183674,
        1.4285714285714286,
        1.6326530612244898,
        1.836734693877551,
        2.0408163265306123,
        2.2448979591836737,
        2.4489795918367347,
        2.6530612244897958,
        2.857142857142857,
        3.0612244897959187,
        3.2653061224489797,
        3.4693877551020407,
        3.673469387755102,
        3.8775510204081636,
        4.081632653061225,
        4.285714285714286,
        4.4897959183673475,
        4.6938775510204085,
        4.8979591836734695,
        5.1020408163265305,
        5.3061224489795915,
        5.510204081632653,
        5.714285714285714,
        5.918367346938775,
        6.122448979591837,
        6.326530612244898,
        6.530612244897959,
        6.73469387755102,
        6.938775510204081,
        7.142857142857143,
        7.346938775510204,
        7.551020408163265,
        7.755102040816327,
        7.959183673469388,
        8.16326530612245,
        8.36734693877551,
        8.571428571428571,
        8.775510204081632,
        8.979591836734695,
        9.183673469387756,
        9.387755102040817,
        9.591836734693878,
        9.795918367346939,
        10.0
      ],
      "y": [
        20.0,
        22.02667936548201,
        23.969241489249224,
        25.747060412161794,
        27.286347834693505,
        28.523215697196186,
        29.406327851124868,
        29.89903076372124,
        29.980874821347182,
        29.648463089837634,
        28.915592304110035,
        27.81268023526264,
        26.385503202266023,
        24.693296127772008,
        22.80629399514357,
        20.802816748428135,
        18.766018626378212,
        16.780436849273812,
        14.928482905154857,
        13.287022064480679,
        11.924183090316635,
        10.896530556892174,
        10.246717139329544,
        10.001713316159105,
        10.171687960743693,
        10.74958628261797,
        11.711422636269573,
        13.017276044346005,
        14.612947116138438,
        16.43220759101062,
        18.399549139567494,
        20.433317333686833,
        22.449100710119794,
        24.363234264718194,
        26.096271964908322,
        27.5762841539272,
        28.741842988197334,
        29.544571997387518,
        29.951153947776636,
        29.94471367263617,
        29.525518475314605,
        28.710967034823206,
        27.534867274396376,
        26.046033165061544,
        24.306258703827375,
        22.387753156440308,
        20.370144014850624,
        18.337172061512437,
        16.373215711734513,
        14.559788891106303
      ]
    }
  },
  "axes": {
    "x": {
      "type": "linear",
      "min": 0,
      "max": 10
    },
    "y": {
      "type": "linear",
      "min": 0,
      "max": 35
    }
  }
}