{
  "data": {
    "series1": {
      "x": [
        1.0,
        2.0,
        3.0,
        4.0,
        5.0,
        6.0,
        7.0,
        8.0,
        9.0,
        10.0,
        11.0,
        12.0,
        13.0,
        14.0,
        15.0,
        16.0,
        17.0,
        18.0,
        19.0,
        20.0,
        21.0,
        22.0,
        23.0,
        24.0,
        25.0,
        26.0,
        27.0,
        28.0,
        29.0,
        30.0,
        31.0,
        32.0,
        33.0,
        34.0,
        35.0,
        36.0,
        37.0,
        38.0,
        39.0,
        40.0,
        41.0,
        42.0,
        43.0,
        44.0,
        45.0,
        46.0,
        47.0,
        48.0,
        49.0,
        50.0,
        51.0,
        52.0,
        53.0,
        54.0,
        55.0,
        56.0,
        57.0,
        58.0,
        59.0,
        60.0,
        61.0,
        62.0,
        63.0,
        64.0,
        65.0,
        66.0,
        67.0,
        68.0,
        69.0,
        70.0,
        71.0,
        72.0,
        73.0,
        74.0,
        75.0,
        76.0,
        77.0,
        78.0,
        79.0,
        80.0,
        81.0,
        82.0,
        83.0,
        84.0,
        85.0,
        86.0,
        87.0,
        88.0,
        89.0,
        90.0,
        91.0,
        92.0,
        93.0,
        94.0,
        95.0,
        96.0,
        97.0,
        98.0,
        99.0,
        100.0
      ],
      "y": [
        2.0512710963760243,
        2.1051709180756477,
        2.161834242728283,
        2.2214027581601696,
        2.2840254166877414,
        2.349858807576003,
        2.419067548593257,
        2.4918246976412703,
        2.5683121854901687,
        2.648721270700128,
        2.733253017867395,
        2.822118800390509,
        2.915540829013896,
        3.0137527074704766,
        3.117000016612675,
        3.225540928492468,
        3.3396468519259908,
        3.45960311115695,
        3.585709659315846,
        3.718281828459045,
        3.857651118063164,
        4.004166023946434,
        4.158192909689767,
        4.320116922736547,
        4.490342957461841,
        4.6692966676192444,
        4.8574255306969745,
        5.0551999668446745,
        5.263114515168817,
        5.4816890703380645,
        5.711470182590742,
        5.953032424395115,
        6.206979827179849,
        6.4739473917272,
        6.754602676005731,
        7.0496474644129465,
        7.359819522601832,
        7.6858944422792685,
        8.028687580589292,
        8.38905609893065,
        8.76790110630677,
        9.16616991256765,
        9.584858397177893,
        10.025013499434122,
        10.487735836358526,
        10.974182454814718,
        11.485569724727576,
        12.023176380641601,
        12.588346719223392,
        13.182493960703473,
        13.80710378266303,
        14.463738035001692,
        15.1540386453758,
        15.879731724872837,
        16.64263188418817,
        17.444646771097048,
        18.28778184056764,
        19.17414536944306,
        20.10595372823165,
        21.085536923187668,
        22.11534442254061,
        23.197951281441636,
        24.33606458094271,
        25.532530197109352,
        26.790339917193062,
        28.112638920657883,
        29.502733643767282,
        30.96410004739701,
        32.500392308747934,
        34.11545195869231,
        35.81331748760201,
        37.59823444367799,
        39.47466604903212,
        41.4473043600674,
        43.52108200006278,
        45.701184493300815,
        47.993063231579285,
        50.40244910553017,
        52.93536683483144,
        55.598150033144236,
        58.39745704544619,
        61.34028759736195,
        64.43400029812335,
        67.68633104092515,
        71.10541234668786,
        74.69979369959579,
        78.47846292526083,
        82.45086866496814,
        86.62694400220059,
        91.01713130052181,
        95.63240831492406,
        100.48431564193378,
        105.58498557711422,
        110.94717245212352,
        116.58428452718766,
        122.51041751873485,
        128.7403898460288,
        135.28977968493552,
        142.17496392147686,
        149.4131591025766
      ]
    }
  },
  "axes": {
    "x": {
      "type": "linear",
      "min": 0,
      "max": 100
    },
    "y": {
      "type": "log",
      "min": 1,
      "max": 200
    }
  }
}