{
  "data": {
    "series1": {
      "x": [
        0.0,
        0.20408163265306123,
        0.40816326530612246,
        0.6122448979591837,
        0.8163265306122449,
        1.0204081632653061,
        1.2244897959183674,
        1.4285714285714286,
        1.6326530612244898,
        1.836734693877551,
        2.0408163265306123,
        2.2448979591836737,
        2.4489795918367347,
        2.6530612244897958,
        2.857142857142857,
        3.0612244897959187,
        3.2653061224489797,
        3.4693877551020407,
        3.673469387755102,
        3.8775510204081636,
        4.081632653061225,
        4.285714285714286,
        4.4897959183673475,
        4.6938775510204085,
        4.8979591836734695,
        5.1020408163265305,
        5.3061224489795915,
        5.510204081632653,
        5.714285714285714,
        5.918367346938775,
        6.122448979591837,
        6.326530612244898,
        6.530612244897959,
        6.73469387755102,
        6.938775510204081,
        7.142857142857143,
        7.346938775510204,
        7.551020408163265,
        7.755102040816327,
        7.959183673469388,
        8.16326530612245,
        8.36734693877551,
        8.571428571428571,
        8.775510204081632,
        8.979591836734695,
        9.183673469387756,
        9.387755102040817,
        9.591836734693878,
        9.795918367346939,
        10.0
      ],
      "y": [
        100.0,
        110.13339682741005,
        119.84620744624611,
        128.73530206080895,
        136.43173917346752,
        142.61607848598092,
        147.03163925562433,
        149.49515381860618,
        149.90437410673593,
        148.24231544918817,
        144.5779615205502,
        139.0634011763132,
        131.9275160113301,
        123.46648063886005,
        114.03146997571784,
        104.01408374214067,
        93.83009313189106,
        83.90218424636907,
        74.64241452577429,
        66.4351103224034,
        59.62091545158318,
        54.48265278446087,
        51.23358569664772,
        50.008566580795524,
        50.85843980371847,
        53.74793141308986,
        58.557113181347866,
        65.08638022173002,
        73.06473558069219,
        82.1610379550531,
        91.99774569783747,
        102.16658666843418,
        112.24550355059897,
        121.81617132359096,
        130.4813598245416,
        137.881420769636,
        143.70921494098667,
        147.72285998693758,
        149.75576973888317,
        149.72356836318085,
        147.62759237657303,
        143.55483517411602,
        137.6743363719819,
        130.23016582530772,
        121.53129351913687,
        111.93876578220154,
        101.85072007425312,
        91.68586030756218,
        81.86607855867256,
        72.79894445553151
      ]
    },
    "series2": {
      "x": [
        0.0,
        0.20408163265306123,
        0.40816326530612246,
        0.6122448979591837,
        0.8163265306122449,
        1.0204081632653061,
        1.2244897959183674,
        1.4285714285714286,
        1.6326530612244898,
        1.836734693877551,
        2.0408163265306123,
        2.2448979591836737,
        2.4489795918367347,
        2.6530612244897958,
        2.857142857142857,
        3.0612244897959187,
        3.2653061224489797,
        3.4693877551020407,
        3.673469387755102,
        3.8775510204081636,
        4.081632653061225,
        4.285714285714286,
        4.4897959183673475,
        4.6938775510204085,
        4.8979591836734695,
        5.1020408163265305,
        5.3061224489795915,
        5.510204081632653,
        5.714285714285714,
        5.918367346938775,
        6.122448979591837,
        6.326530612244898,
        6.530612244897959,
        6.73469387755102,
        6.938775510204081,
        7.142857142857143,
        7.346938775510204,
        7.551020408163265,
        7.755102040816327,
        7.959183673469388,
        8.16326530612245,
        8.36734693877551,
        8.571428571428571,
        8.775510204081632,
        8.979591836734695,
        9.183673469387756,
        9.387755102040817,
        9.591836734693878,
        9.795918367346939,
        10.0
      ],
      "y": [
        2.5,
        2.4896237605282483,
        2.458925707495294,
        2.4091799622994836,
        2.342451220000226,
        2.2615090542365053,
        2.1697129661896275,
        2.0708729486281703,
        1.969091352318573,
        1.8685926181293375,
        1.7735479417906856,
        1.6879021485914372,
        1.6152099635715265,
        1.558488472808919,
        1.520091899389005,
        1.5016138914745836,
        1.5038213780059784,
        1.5266227373476677,
        1.5690716000404086,
        1.629406127825787,
        1.7051221386689388,
        1.7930770427284464,
        1.8896202754153653,
        1.9907448139227482,
        2.092253488538504,
        2.1899331859975395,
        2.2797297145704025,
        2.3579160731202773,
        2.4212471401282114,
        2.4670943623251027,
        2.493554852684433,
        2.4995303696681677,
        2.4847728996955447,
        2.4498949509362964,
        2.396344131184861,
        2.326343064959835,
        2.2427971435669347,
        2.149173936955204,
        2.0493592723723077,
        1.947495953268266,
        1.8478118124127225,
        1.7544442358738888,
        1.6712684409840206,
        1.6017366356072409,
        1.5487347343975193,
        1.514462579032498,
        1.5003426338772983,
        1.5069609466609537,
        1.5340428245900954,
        1.5804642354617737
      ]
    }
  },
  "axes": {
    "x": {
      "type": "linear",
      "min": 0,
      "max": 10
    },
    "y_left": {
      "type": "linear",
      "min": 0,
      "max": 160
    },
    "y_right": {
      "type": "linear",
      "min": 0,
      "max": 4
    }
  }
}