{
  "data": {
    "series1": {
      "x": [
        0.0,
        0.20408163265306123,
        0.40816326530612246,
        0.6122448979591837,
        0.8163265306122449,
        1.0204081632653061,
        1.2244897959183674,
        1.4285714285714286,
        1.6326530612244898,
        1.836734693877551,
        2.0408163265306123,
        2.2448979591836737,
        2.4489795918367347,
        2.6530612244897958,
        2.857142857142857,
        3.0612244897959187,
        3.2653061224489797,
        3.4693877551020407,
        3.673469387755102,
        3.8775510204081636,
        4.081632653061225,
        4.285714285714286,
        4.4897959183673475,
        4.6938775510204085,
        4.8979591836734695,
        5.1020408163265305,
        5.3061224489795915,
        5.510204081632653,
        5.714285714285714,
        5.918367346938775,
        6.122448979591837,
        6.326530612244898,
        6.530612244897959,
        6.73469387755102,
        6.938775510204081,
        7.142857142857143,
        7.346938775510204,
        7.551020408163265,
        7.755102040816327,
        7.959183673469388,
        8.16326530612245,
        8.36734693877551,
        8.571428571428571,
        8.775510204081632,
        8.979591836734695,
        9.183673469387756,
        9.387755102040817,
        9.591836734693878,
        9.795918367346939,
        10.0
      ],
      "y": [
        0.0,
        0.04164931278633903,
        0.16659725114535612,
        0.3748438150770512,
        0.6663890045814245,
        1.0412328196584757,
        1.499375260308205,
        2.0408163265306123,
        2.665556018325698,
        3.3735943356934612,
        4.164931278633903,
        5.039566847147023,
        5.99750104123282,
        7.038733860891295,
        8.16326530612245,
        9.371095376926283,
        10.662224073302792,
        12.036651395251978,
        13.494377342773845,
        15.035401915868391,
        16.65972511453561,
        18.36734693877551,
        20.158267388588094,
        22.03248646397335,
        23.99000416493128,
        26.03082049146189,
        28.15493544356518,
        30.362349021241155,
        32.6530612244898,
        35.027072053311116,
        37.48438150770513,
        40.02498958767181,
        42.648896293211166,
        45.356101624323195,
        48.14660558100791,
        51.02040816326531,
        53.97750937109538,
        57.017909204498125,
        60.141607663473565,
        63.348604748021664,
        66.63890045814244,
        70.0124947938359,
        73.46938775510203,
        77.00957934194085,
        80.63306955435237,
        84.33985839233654,
        88.1299458558934,
        92.00333194502292,
        95.96001665972511,
        100.0
      ]
    }
  },
  "axes": {
    "x": {
      "type": "linear",
      "min": 0,
      "max": 10
    },
    "y": {
      "type": "linear",
      "min": 0,
      "max": 120,
      "inverted": true
    }
  }
}