{
  "data": {
    "series1": {
      "x": [
        37.454011884736246,
        95.07143064099162,
        73.1993941811405,
        59.86584841970366,
        15.601864044243651,
        15.599452033620265,
        5.8083612168199465,
        86.61761457749351,
        60.11150117432088,
        70.80725777960456,
        2.0584494295802447,
        96.99098521619943,
        83.24426408004217,
        21.233911067827616,
        18.182496720710063,
        18.34045098534338,
        30.42422429595377,
        52.475643163223786,
        43.194501864211574,
        29.122914019804192,
        61.18528947223795,
        13.949386065204184,
        29.214464853521815,
        36.63618432936917,
        45.606998421703594,
        78.51759613930136,
        19.967378215835975,
        51.42344384136116,
        59.24145688620425,
        4.645041271999773
      ],
      "y": [
        30.37724259507192,
        8.526206184364577,
        3.252579649263976,
        47.44427686266666,
        48.28160165372797,
        40.419867405823055,
        15.230688458668535,
        4.883605700319194,
        34.211651325607846,
        22.007624686980066,
        6.101911742238942,
        24.75884550556351,
        1.7194260557609198,
        45.4660201039391,
        12.938999080000846,
        33.1261142176991,
        15.585553804470548,
        26.00340105889054,
        27.335513967163983,
        9.242722776276352,
        48.47923138822793,
        38.75664116805573,
        46.97494707820945,
        44.74136752138244,
        29.894998940554256,
        46.093711751155844,
        4.424625102595975,
        9.79914312095726,
        2.2613644455269033,
        16.266516538163216
      ]
    }
  },
  "axes": {
    "x": {
      "type": "linear",
      "min": 0,
      "max": 100
    },
    "y": {
      "type": "linear",
      "min": 0,
      "max": 60
    }
  }
}