{
  "data": {
    "series1": {
      "x": [
        0.0,
        0.20408163265306123,
        0.40816326530612246,
        0.6122448979591837,
        0.8163265306122449,
        1.0204081632653061,
        1.2244897959183674,
        1.4285714285714286,
        1.6326530612244898,
        1.836734693877551,
        2.0408163265306123,
        2.2448979591836737,
        2.4489795918367347,
        2.6530612244897958,
        2.857142857142857,
        3.0612244897959187,
        3.2653061224489797,
        3.4693877551020407,
        3.673469387755102,
        3.8775510204081636,
        4.081632653061225,
        4.285714285714286,
        4.4897959183673475,
        4.6938775510204085,
        4.8979591836734695,
        5.1020408163265305,
        5.3061224489795915,
        5.510204081632653,
        5.714285714285714,
        5.918367346938775,
        6.122448979591837,
        6.326530612244898,
        6.530612244897959,
        6.73469387755102,
        6.938775510204081,
        7.142857142857143,
        7.346938775510204,
        7.551020408163265,
        7.755102040816327,
        7.959183673469388,
        8.16326530612245,
        8.36734693877551,
        8.571428571428571,
        8.775510204081632,
        8.979591836734695,
        9.183673469387756,
        9.387755102040817,
        9.591836734693878,
        9.795918367346939,
        10.0
      ],
      "y": [
        0.0,
        2.0266793654820097,
        3.9692414892492236,
        5.747060412161792,
        7.286347834693504,
        8.523215697196184,
        9.406327851124868,
        9.899030763721239,
        9.980874821347182,
        9.648463089837632,
        8.915592304110037,
        7.812680235262638,
        6.385503202266021,
        4.69329612777201,
        2.8062939951435686,
        0.802816748428135,
        -1.233981373621787,
        -3.219563150726187,
        -5.071517094845143,
        -6.712977935519321,
        -8.075816909683365,
        -9.103469443107826,
        -9.753282860670456,
        -9.998286683840895,
        -9.828312039256307,
        -9.25041371738203,
        -8.288577363730427,
        -6.982723955653995,
        -5.387052883861562,
        -3.567792408989381,
        -1.6004508604325056,
        0.4333173336868346,
        2.4491007101197932,
        4.363234264718193,
        6.096271964908323,
        7.576284153927202,
        8.741842988197334,
        9.544571997387518,
        9.951153947776636,
        9.94471367263617,
        9.525518475314604,
        8.710967034823208,
        7.534867274396376,
        6.046033165061543,
        4.306258703827373,
        2.3877531564403087,
        0.37014401485062365,
        -1.6628279384875642,
        -3.626784288265488,
        -5.440211108893697
      ]
    },
    "series2": {
      "x": [
        0.0,
        0.20408163265306123,
        0.40816326530612246,
        0.6122448979591837,
        0.8163265306122449,
        1.0204081632653061,
        1.2244897959183674,
        1.4285714285714286,
        1.6326530612244898,
        1.836734693877551,
        2.0408163265306123,
        2.2448979591836737,
        2.4489795918367347,
        2.6530612244897958,
        2.857142857142857,
        3.0612244897959187,
        3.2653061224489797,
        3.4693877551020407,
        3.673469387755102,
        3.8775510204081636,
        4.081632653061225,
        4.285714285714286,
        4.4897959183673475,
        4.6938775510204085,
        4.8979591836734695,
        5.1020408163265305,
        5.3061224489795915,
        5.510204081632653,
        5.714285714285714,
        5.918367346938775,
        6.122448979591837,
        6.326530612244898,
        6.530612244897959,
        6.73469387755102,
        6.938775510204081,
        7.142857142857143,
        7.346938775510204,
        7.551020408163265,
        7.755102040816327,
        7.959183673469388,
        8.16326530612245,
        8.36734693877551,
        8.571428571428571,
        8.775510204081632,
        8.979591836734695,
        9.183673469387756,
        9.387755102040817,
        9.591836734693878,
        9.795918367346939,
        10.0
      ],
      "y": [
        8.0,
        7.833980168451975,
        7.34281131992471,
        6.546879396791739,
        5.479219520003617,
        4.184144867784084,
        2.7154074590340387,
        1.1339671780507237,
        -0.49453836290283365,
        -2.1025181099306,
        -3.623232931349029,
        -4.993565622537004,
        -6.156640582855577,
        -7.064184435057296,
        -7.67852960977592,
        -7.974177736406664,
        -7.938857951904346,
        -7.574036202437316,
        -6.894854399353465,
        -5.9295019547874075,
        -4.718045781296981,
        -3.3107673163448563,
        -1.7660755933541556,
        -0.14808297723602815,
        1.4760558166160633,
        3.0389309759606347,
        4.475675433126441,
        5.726657169924433,
        6.739954242051384,
        7.473509797201644,
        7.896877642950924,
        7.992485914690684,
        7.756366395128718,
        7.198319214980746,
        6.341506098957771,
        5.2214890393573565,
        3.8847542970709554,
        2.3867829912832588,
        0.7897483579569212,
        -0.8400647477077439,
        -2.4350110013964406,
        -3.9288922260177817,
        -5.259704944255669,
        -6.372213830284148,
        -7.220244249639692,
        -7.768598735480034,
        -7.994517857963229,
        -7.888624853424742,
        -7.455314806558472,
        -6.7125722326116195
      ]
    },
    "series3": {
      "x": [
        0.0,
        0.20408163265306123,
        0.40816326530612246,
        0.6122448979591837,
        0.8163265306122449,
        1.0204081632653061,
        1.2244897959183674,
        1.4285714285714286,
        1.6326530612244898,
        1.836734693877551,
        2.0408163265306123,
        2.2448979591836737,
        2.4489795918367347,
        2.6530612244897958,
        2.857142857142857,
        3.0612244897959187,
        3.2653061224489797,
        3.4693877551020407,
        3.673469387755102,
        3.8775510204081636,
        4.081632653061225,
        4.285714285714286,
        4.4897959183673475,
        4.6938775510204085,
        4.8979591836734695,
        5.1020408163265305,
        5.3061224489795915,
        5.510204081632653,
        5.714285714285714,
        5.918367346938775,
        6.122448979591837,
        6.326530612244898,
        6.530612244897959,
        6.73469387755102,
        6.938775510204081,
        7.142857142857143,
        7.346938775510204,
        7.551020408163265,
        7.755102040816327,
        7.959183673469388,
        8.16326530612245,
        8.36734693877551,
        8.571428571428571,
        8.775510204081632,
        8.979591836734695,
        9.183673469387756,
        9.387755102040817,
        9.591836734693878,
        9.795918367346939,
        10.0
      ],