{
  "data": {
    "series1": {
      "x": [
        0.0,
        0.1724137931034483,
        0.3448275862068966,
        0.5172413793103449,
        0.6896551724137931,
        0.8620689655172414,
        1.0344827586206897,
        1.206896551724138,
        1.3793103448275863,
        1.5517241379310347,
        1.7241379310344829,
        1.896551724137931,
        2.0689655172413794,
        2.241379310344828,
        2.413793103448276,
        2.586206896551724,
        2.7586206896551726,
        2.931034482758621,
        3.1034482758620694,
        3.2758620689655173,
        3.4482758620689657,
        3.620689655172414,
        3.793103448275862,
        3.9655172413793105,
        4.137931034482759,
        4.310344827586207,
        4.482758620689656,
        4.655172413793104,
        4.827586206896552,
        5.0
      ],
      "y": [
        20.0,
        16.83261680134567,
        14.166849419047225,
        11.923257377659422,
        10.034981123097936,
        8.445749592692247,
        7.108203324695492,
        5.982483135532525,
        5.035042307046594,
        4.237646886653938,
        3.566534309123062,
        3.0017052667160318,
        2.5263277252606025,
        2.12623532569635,
        1.7895052233465536,
        1.5061027844299515,
        1.2675825516874548,
        1.0668365678313432,
        0.8978825567983906,
        0.7556856505599902,
        0.636008348907596,
        0.5352842409809059,
        0.45051172541153817,
        0.3791645619182742,
        0.31911658877102056,
        0.26857836268675983,
        0.2260438330119532,
        0.19024546106987889,
        0.16011644721922996,
        0.13475893998170935
      ]
    }
  },
  "axes": {
    "x": {
      "type": "linear",
      "min": 0,
      "max": 5
    },
    "y": {
      "type": "linear",
      "min": 0,
      "max": 25
    }
  }
}